{
  "hash": "bcd95037",
  "configHash": "184efc0b",
  "lockfileHash": "dc6b0538",
  "browserHash": "68794918",
  "optimized": {
    "@angular/common": {
      "src": "../../../../../../node_modules/@angular/common/fesm2022/common.mjs",
      "file": "@angular_common.js",
      "fileHash": "f85bae8b",
      "needsInterop": false
    },
    "@angular/common/http": {
      "src": "../../../../../../node_modules/@angular/common/fesm2022/http.mjs",
      "file": "@angular_common_http.js",
      "fileHash": "4b8c3034",
      "needsInterop": false
    },
    "@angular/core": {
      "src": "../../../../../../node_modules/@angular/core/fesm2022/core.mjs",
      "file": "@angular_core.js",
      "fileHash": "aa118cd6",
      "needsInterop": false
    },
    "@angular/platform-browser": {
      "src": "../../../../../../node_modules/@angular/platform-browser/fesm2022/platform-browser.mjs",
      "file": "@angular_platform-browser.js",
      "fileHash": "7feacc39",
      "needsInterop": false
    },
    "@angular/router": {
      "src": "../../../../../../node_modules/@angular/router/fesm2022/router.mjs",
      "file": "@angular_router.js",
      "fileHash": "4dff9cb4",
      "needsInterop": false
    }
  },
  "chunks": {
    "chunk-J4VHWNBM": {
      "file": "chunk-J4VHWNBM.js"
    },
    "chunk-QZGHKAU6": {
      "file": "chunk-QZGHKAU6.js"
    },
    "chunk-XO3ODMC4": {
      "file": "chunk-XO3ODMC4.js"
    },
    "chunk-MC5X57L6": {
      "file": "chunk-MC5X57L6.js"
    },
    "chunk-5T6PAE7P": {
      "file": "chunk-5T6PAE7P.js"
    }
  }
}